customerID,Churn
1024-GUALD,
0484-JPBRU,
3620-EHIMZ,
6910-HADCM,
8587-XYZSF,
6818-WOBHJ,
3082-YVEKW,
4737-AQCPU,
4853-RULSV,
5766-ZJYBB,
2668-TZSPS,
3192-LNKRK,
5315-CKEQK,
5914-DVBWJ,
7998-ZLXWN,
6328-ZPBGN,
9530-EHPOH,
1853-UDXBW,
2672-TGEFF,
1902-XBTFB,
1640-PLFMP,
3679-XASPY,
7356-IWLFW,
9036-CSKBW,
8952-WCVCD,
2100-BDNSN,
2869-ADAWR,
5832-EXGTT,
9402-ORRAH,
4967-WPNCF,
8033-VCZGH,
9392-XBGTD,
0078-XZMHT,
0743-HNPFG,
5334-JLAXU,
5696-EXCYS,
2569-WGERO,
5219-YIPTK,
5553-AOINX,
5502-RLUYV,
2058-DCJBE,
2293-IJWPS,
7130-VTEWQ,
0080-EMYVY,
0148-DCDOS,
9170-ARBTB,
2070-FNEXE,
5364-EVNIB,
1112-CUNAO,
4576-CSAJH,
9967-ATRFS,
1360-RCYRT,
5038-ETMLM,
5663-QBGIS,
4194-WHFCB,
9481-WHGWY,
5453-YBTWV,
2018-PZKMU,
9277-JOOMO,
3629-ZNKXA,
0369-ZGOVK,
3604-WLABM,
4063-EIKNQ,
2878-RMWXY,
9540-JYROE,
7515-LODFU,
1839-FBNFR,
5397-NSKQG,
1755-FZQEC,
2160-GPFXD,
4415-IJZTP,
9880-TDQAC,
5138-WVKYJ,
8844-TONUD,
0080-OROZO,
0953-LGOVU,
5325-UWTWJ,
1074-AMIOH,
5906-BFOZT,
7026-YMSBE,
6572-ADKRS,
5922-ABDVO,
6475-VHUIZ,
1324-NLTJE,
4361-FEBGN,
8393-DLHGA,
6769-DCQLI,
3018-TFTSU,
2324-AALNO,
2300-RQGOI,
6133-OZILE,
7605-SNLQG,
5348-CAGXB,
0201-MIBOL,
7083-MIOPC,
0562-KBDVM,
1173-NOEYG,
7698-YFGEZ,
9061-TIHDA,
0016-QLJIS,
7296-PIXQY,
9102-IAYHT,
6447-EGDIV,
3460-TJBWI,
3744-ZBHON,
1092-GANHU,
3948-KXDUF,
7284-ZZLOH,
6745-JEFZB,
2606-PKWJB,
1624-WOIWJ,
8777-PVYGU,
4770-QAZXN,
8012-SOUDQ,
5546-BYZSM,
0523-VNGTF,
3779-OSWCF,
8535-SFUTN,
2320-SLKMB,
7169-YWAMK,
8434-PNQZX,
4981-FLTMF,
9424-CMPOG,
3627-FCRDW,
1518-OMDIK,
8393-JMVMB,
7638-QVMVY,
6140-QNRQQ,
7969-FFOWG,
1342-JPNKI,
7080-TNUWP,
8949-JTMAY,
0654-HMSHN,
2725-KXXWT,
2439-QKJUL,
1935-IMVBB,
4628-WQCQQ,
3724-BSCVH,
7605-BDWDC,
7137-RYLPP,
3207-OYBWH,
4707-YNOQA,
6956-SMUCM,
8714-CTZJW,
3662-FXJFO,
7623-HKYRK,
1353-GHZOS,
3323-CPBWR,
6152-ONASV,
9251-AWQGT,
4803-LBYPN,
8879-ZKJOF,
7354-OIJLX,
9129-UXERG,
5302-BDJNT,
7148-XZPHA,
2651-ZCBXV,
1304-NECVQ,
3374-TTZTK,
0229-LFJAF,
1304-BCCFO,
0455-XFASS,
0221-WMXNQ,
2882-WDTBA,
8069-RHUXK,
4806-KEXQR,
2817-NTQDO,
3230-IUALN,
6500-JVEGC,
7103-ZGVNT,
1837-YQUCE,
4800-VHZKI,
3887-PBQAO,
5177-RVZNU,
1729-VLAZJ,
4273-MBHYA,
8690-UPCZI,
6374-NTQLP,
1618-CFHME,
4104-PVRPS,
4210-QFJMF,
5787-KXGIY,
3088-LHEFH,
8896-RAZCR,
7268-WNTCP,
5854-KSRBJ,
9907-SWKKF,
3932-CMDTD,
5277-ZLOOR,
2746-DIJLO,
9174-FKWZE,
9919-FZDED,
9488-FYQAU,
6869-FGJJC,
3349-ANQNH,
0222-CNVPT,
6900-PXRMS,
0230-WEQUW,
7629-WFGLW,
2235-EZAIK,
5119-NZPTV,
4282-MSACW,
7711-YIJWC,
8749-CLJXC,
7636-XUHWW,
0883-EIBTI,
4098-NAUKP,
0701-TJSEF,
0689-NKYLF,
9867-NNXLC,
9337-SRRNI,
1850-AKQEP,
5600-KTXFM,
7055-HNEOJ,
2462-XIIJB,
7277-KAMWT,
7691-KGKGP,
7808-DVWEP,
2379-GYFLQ,
7325-ENZFI,
8800-ZKRFW,
9133-AYJZG,
6772-WFQRD,
9670-BPNXF,
2675-IJRGJ,
4829-ZLJTK,
9950-MTGYX,
9755-JHNMN,
3746-EUBYR,
7929-DMBCV,
9640-ZSLDC,
7197-VOJMM,
2696-NARTR,
0689-DSXGL,
7294-TMAOP,
6177-PEVRA,
7410-YTJIK,
1410-RSCMR,
8800-JOOCF,
4526-EXKKN,
0813-TAXXS,
2320-TZRRH,
0841-NULXI,
2725-TTRIQ,
4778-IZARL,
2535-PBCGC,
3629-WEAAM,
6128-CZOMY,
9227-UAQFT,
0804-XBFBV,
4503-BDXBD,
9626-VFRGG,
4994-OBRSZ,
3654-ARMGP,
0829-XXPLX,
8938-UMKPI,
4854-SSLTN,
9720-JJJOR,
1926-QUZNN,
4900-MSOMT,
8910-ICHIU,
4892-VLANZ,
0076-LVEPS,
1666-JXLKU,
4003-FUSHP,
7696-AMHOD,
8082-GHXOP,
5445-GLVOT,
5195-KPUNQ,
3948-XHGNA,
9624-EGDEQ,
7551-DACSP,
8128-YVJRG,
1038-ZAGBI,
9153-BTBVV,
9470-RTWDV,
7554-AKDQF,
7241-AJHFS,
9633-DENPU,
5480-XTFFL,
7803-XOCCZ,
6549-BTYPG,
9114-AAFQH,
3572-UUHRS,
7666-WKRON,
5192-EBGOV,
6502-MJQAE,
6400-BWQKW,
5928-QLDHB,
4376-KFVRS,
3528-HFRIQ,
2718-YSKCS,
2434-EEVDB,
6506-EYCNH,
3396-DKDEL,
3269-ATYWD,
1159-WFSGR,
9835-ZIITK,
9279-CJEOJ,
4720-VSTSI,
1360-JYXKQ,
8388-FYNPZ,
7868-TMWMZ,
3466-RITXD,
6427-FEFIG,
6518-PPLMZ,
6762-NSODU,
4355-CVPVS,
7629-WIXZF,
3049-NDXFL,
3566-HJGPK,
1460-UZPRJ,
3712-PKXZA,
1623-NLDOT,
5171-EPLKN,
5569-KGJHX,
7463-IFMQU,
3178-CIFOT,
1095-JUDTC,
3719-TDVQB,
4929-XIHVW,
8106-GWQOK,
4128-ETESU,
0661-WCQNQ,
4927-WWOOZ,
7564-GHCVB,
3445-HXXGF,
6670-MFRPK,
6890-PFRQX,
1552-CZCLL,
2014-MKGMH,
0303-WMMRN,
3806-DXQOM,
1724-BQUHA,
2580-ATZSQ,
7945-PRBVF,
3898-GUYTS,
2832-SCUCO,
9779-DPNEJ,
4915-BFSXL,
5018-LXQQG,
1698-XFZCI,
1872-EBWSC,
4446-BZKHU,
4607-CHPCA,
9475-NNDGC,
3841-CONLJ,
2294-DMMUS,
5921-NGYRH,
1897-OKVMW,
5117-IFGPS,
3866-MDTUB,
1194-SPVSP,
6905-NIQIN,
6813-GZQCG,
9896-UYMIE,
8849-GYOKR,
5816-JMLGY,
3990-QYKBE,
6161-UUUTA,
0396-UKGAI,
0512-FLFDW,
2946-KIQSP,
0187-WZNAB,
6867-ACCZI,
7024-OHCCK,
6481-OGDOO,
7377-DMMRI,
1963-VAUKV,
5919-TMRGD,
6994-ORCWG,
5144-TVGLP,
0328-GRPMV,
2905-KFQUV,
8637-XJIVR,
5150-LJNSR,
4826-DXMUP,
3518-FSTWG,
2929-ERCFZ,
1455-UGQVH,
8485-GJCDN,
0459-SPZHJ,
2169-RRLFW,
8818-DOPVL,
1207-BLKSA,
7593-XFKDI,
5393-RXQSZ,
5183-KLYEM,
0923-PNFUB,
4134-BSXLX,
1452-XRSJV,
4213-HKBJO,
7750-EYXWZ,
7180-PISOG,
1356-MKYSK,
1212-GLHMD,
7228-OMTPN,
7682-AZNDK,
6286-SUUWT,
3500-RMZLT,
4729-XKASR,
8364-TRMMK,
1000-AJSLD,
4393-OBCRR,
0942-KOWSM,
0870-VEMYL,
3454-JFUBC,
2592-YKDIF,
6941-PMGEP,
0511-JTEOY,
4323-ELYYB,
9500-LTVBP,
8120-JDCAM,
1335-NTIUC,
6563-VNPMN,
0668-OGMHD,
0311-UNPFF,
9282-IZGQK,
4695-WJZUE,
5527-ACHSO,
5140-FOMCQ,
0410-IPFTY,
1333-PBMXB,
1915-OAKWD,
5707-ORNDZ,
7969-AULMZ,
2700-LUEVA,
9099-FTUHS,
8699-ASUFO,
7181-OQCUT,
3096-YXENJ,
2495-INZWQ,
2193-SFWQW,
3908-MKIMJ,
6736-DHUQI,
2868-MZAGQ,
8905-IAZPF,
1215-FIGMP,
0772-GYEQQ,
9995-HOTOH,
7579-KKLOE,
3594-UVONA,
6641-XRPSU,
5707-ZMDJP,
3307-TLCUD,
4797-AXPXK,
4869-EPIUS,
8563-IIOXK,
2773-OVBPK,
1353-LJWEM,
5868-YTYKS,
8713-IGZSO,
6050-FFXES,
9300-RENDD,
4183-MYFRB,
3339-EAQNV,
2545-EBUPK,
4990-ALDGW,
0970-ETWGE,
3671-SHRSP,
2308-STERM,
1219-NNDDO,
3508-CFVZL,
3387-PLKUI,
9702-AIUJO,
8337-UPOAQ,
1728-CXQBE,
5134-IKDAY,
9638-JIQYA,
6647-ZEDXT,
1579-KLYDT,
3985-HOYPM,
6705-LNMDD,
6917-FIJHC,
4640-UHDOS,
1414-YADCW,
5960-MVTUK,
0637-KVDLV,
5451-YHYPW,
5813-UECBU,
9947-OTFQU,
1816-FLZDK,
3005-NFMTA,
4710-NKCAW,
4290-BSXUX,
6266-QHOJZ,
6047-SUHPR,
6010-DDPPW,
4374-YMUSQ,
1958-RNRKS,
7176-WIONM,
9483-GCPWE,
1264-FUHCX,
8887-IPQNC,
2921-XWDJH,
5574-NXZIU,
8644-XLFBW,
4811-JBUVU,
8970-ANWXO,
0602-DDUML,
5671-RQRLP,
9959-WOFKT,
1208-NBVFH,
6976-BWGLQ,
2178-PMGCJ,
7610-TVOPG,
7240-ETPTR,
6518-LGAOV,
2826-DXLQO,
5949-HGVJL,
3489-VSFRD,
2812-REYAT,
9633-XQABV,
4102-OQUPX,
2900-PHPLN,
9894-QMIMJ,
7596-ZYWBB,
5440-FLBQG,
3063-QFSZL,
4873-ILOLJ,
3003-CMDUU,
7279-NMVJC,
6478-HRRCZ,
3678-MNGZX,
5902-WBLSE,
7722-CVFXN,
2223-KAGMX,
9803-FTJCG,
6060-QBMGV,
2858-EIMXH,
4741-WWJQZ,
9845-PEEKO,
9167-APMXZ,
9800-ONTFE,
3621-CHYVB,
3177-LASXD,
1465-VINDH,
2055-SIFSS,
0804-YGEQV,
3346-BRMIS,
3130-ICDUP,
0732-OCQOC,
4012-YCFAI,
7346-MEDWM,
7036-TYDEC,
6615-NGGZJ,
3441-CGZJH,
0208-BPQEJ,
2229-DPMBI,
7159-FVYPK,
7544-ZVIKX,
6366-XIVKZ,
7137-NAXML,
7126-RBHSD,
1428-IEDPR,
9465-RWMXL,
2908-ZTPNF,
4176-RELJR,
3001-UNBTL,
6067-NGCEU,
2479-BRAMR,
3161-ONRWK,
6349-JDHQP,
1619-YWUBB,
2761-OCIAX,
2683-JXWQQ,
9585-KKMFD,
7524-VRLPL,
3780-DDGSE,
2207-OBZNX,
0023-UYUPN,
5975-BAICR,
2669-OIDSD,
8146-QQKZH,
2307-FYNNL,
2985-FMWYF,
5387-ASZNZ,
5349-AZPEW,
9481-IEBZY,
9818-XQCUV,
3750-RNQKR,
5442-UTCVD,
3649-JPUGY,
2195-VVRJF,
1271-UODNO,
0118-JPNOY,
9499-XPZXM,
7343-EOBEU,
3877-JRJIP,
5498-TXHLF,
3969-GYXEL,
5730-DBDSI,
2868-SNELZ,
7797-EJMDP,
4067-HLYQI,
4231-LZUYM,
3638-WEABW,
5060-TQUQN,
7802-EFKNY,
7576-JMYWV,
3496-LFSZU,
4795-WRNVT,
3938-YFPXD,
6651-AZVTJ,
3658-KIBGF,
4143-HHPMK,
4821-WQOYN,
4291-HYEBC,
8849-AYPTR,
3898-BSJYF,
7562-GSUHK,
3523-QRQLL,
9661-JALZV,
4670-TABXH,
7966-YOTQW,
3694-GLTJM,
8835-VSDSE,
3721-CNEYS,
9667-TKTVZ,
2927-CVULT,
6595-YGXIT,
0864-FVJNJ,
4537-DKTAL,
3466-WAESX,
2483-XSSMZ,
4163-KIUHY,
8486-AYEQH,
0516-WJVXC,
5304-EFJLP,
4137-BTIKL,
2863-IMQDR,
2930-UOTMB,
5673-TIYIB,
3645-DEYGF,
1099-GODLO,
1955-IBMMB,
6857-VWJDT,
6410-LEFEN,
6692-UDPJC,
7858-GTZSP,
5232-NXPAY,
1355-KUSBG,
1174-FGIFN,
8750-QWZAJ,
7850-THJMU,
0310-MVLET,
2623-DRYAM,
1905-OEILC,
6899-PPEEA,
3104-OWCGK,
5287-QWLKY,
2603-HVKCG,
9845-QOMAD,
4816-OKWNX,
9103-CXVOK,
2845-AFFTX,
7776-QWNFX,
1468-DEFNC,
7905-NJMXS,
1866-OBPNR,
3720-DBRWL,
5073-RZGBK,
0129-QMPDR,
2560-PPCHE,
1496-GGSUK,
4671-LXRDQ,
9432-RUVSL,
3992-YWPKO,
8980-WQFWL,
0212-ISBBF,
7722-VJRQD,
4135-FRWKJ,
5161-UBZXI,
5327-XOKKY,
3988-RQIXO,
0479-HMSWA,
6923-AQONU,
5562-YJQGT,
7598-UAASY,
7251-LJBQN,
4910-GMJOT,
0257-ZESQC,
4765-OXPPD,
6583-QGCSI,
9805-FILKB,
2706-QZIHY,
7673-LPRNY,
6778-YSNIH,
9050-QLROH,
0707-HOVVN,
7102-JJVTX,
1810-MVMAI,
7993-NQLJE,
9281-OFDMF,
6789-HJBWG,
2139-FQHLM,
3723-BFBGR,
0639-TSIQW,
8626-PTQGE,
3541-ZNUHK,
4568-KNYWR,
9658-WYUFB,
0997-YTLNY,
3208-YPIOE,
7707-PYBBH,
9313-QOLTZ,
6654-QGBZZ,
6877-LGWXO,
8020-BWHYL,
3594-IVHJZ,
9507-EXLTT,
9793-WECQC,
1266-NZYUI,
2342-CKIAO,
6963-EZQEE,
2796-NNUFI,
3486-NPGST,
9070-BCKQP,
7742-MYPGI,
9929-PLVPA,
9124-LHCJQ,
2792-LSHWX,
9330-IJWIO,
0617-AQNWT,
0895-UADGO,
7255-SSFBC,
5834-ASPWA,
4132-KALRO,
8064-RAVOH,
8028-PNXHQ,
9508-ILZDG,
4361-JEIVL,
2430-USGXP,
5965-GGPRW,
2542-HYGIQ,
1035-IPQPU,
3617-XLSGQ,
9107-UKCKY,
5146-YYFRZ,
5649-VUKMC,
3472-OAOOR,
0397-ZXWQF,
1346-UFHAX,
7252-NTGSS,
3198-VELRD,
3407-QGWLG,
9874-QLCLH,
8668-KNZTI,
8249-THVEC,
6060-DRTNL,
6773-LQTVT,
7853-GVUDZ,
4897-QSUYC,
5197-PYEPU,
3785-NRHYR,
6087-MVHJH,
1685-VAYJF,
9912-GVSEQ,
4636-OLWOE,
9600-UDOPK,
8631-NBHFZ,
1053-MXTTK,
3549-ZTMNH,
7825-ECJRF,
6439-LAJXL,
4075-WKNIU,
8042-RNLKO,
4881-JVQOD,
9593-CVZKR,
9972-EWRJS,
9888-ZCUMM,
1265-ZFOSD,
6078-VESFR,
0306-JAELE,
7075-BNDVQ,
2208-MPXIO,
3096-GKWEB,
7404-JLKQG,
5049-GLYVG,
6704-UTUKK,
9397-TZSHA,
4686-UXDML,
3808-HFKDE,
3580-HYCSP,
9795-VOWON,
2159-TURXX,
0096-BXERS,
6507-DTJZV,
9962-BFPDU,
4587-NUKOX,
4060-LDNLU,
2379-ENZGV,
4877-EVATK,
9442-JTWDL,
2748-MYRVK,
3966-HRMZA,
2862-JVEOY,
9489-DEDVP,
9469-WEJBT,
2384-OVPSA,
2186-QZEYA,
6202-JVYEU,
6419-ZTTLE,
1891-UAWWU,
6963-KQYQB,
2521-NPUZR,
8242-SOQUO,
9823-EALYC,
2314-TNDJQ,
9714-EDSUC,
1383-EZRWL,
6617-WLBQC,
6652-YFFJO,
1401-FTHFQ,
1803-BGNBD,
1470-PSXNM,
9185-TQCVP,
6481-LXPWL,
5066-GFJMM,
7519-JTWQH,
9957-YODKZ,
8430-TWCBX,
5955-ERIHD,
5186-SAMNZ,
5759-RCVCB,
0220-EBGCE,
7427-AUFPY,
3221-CJMSG,
4194-FJARJ,
8138-EALND,
8345-MVDYC,
6119-SPUDB,
1202-KKGFU,
6556-DBKZF,
6339-DKLMK,
1977-STDKI,
4001-TSBTV,
7912-SYRQT,
4779-ZGICK,
0670-ANMUU,
8735-NBLWT,
8930-XOTDP,
6380-ARCEH,
1167-OYZJF,
1628-BIZYP,
6284-KMNUF,
4676-WLUHT,
2138-VFAPZ,
8648-PFRMP,
8097-VBQTZ,
6087-YPWHO,
8109-YUOHE,
3807-XHCJH,
0524-IAVZO,
8957-THMOA,
7521-YXVZY,
7077-XJMET,
9625-QSTYE,
7924-GJZFI,
2034-GDRCN,
4186-ZBUEW,
4026-SKKHW,
8548-AWOFC,
0680-DFNNY,
7501-IWUNG,
7176-WRTNX,
8450-UYIBU,
1794-HBQTJ,
1862-QRWPE,
2996-XAUVF,
7145-FEJWU,
6710-HSJRD,
7530-HDYDS,
8042-JVNFH,
5127-BZENZ,
0876-WDUUZ,
0356-ERHVT,
9912-OMZDS,
2275-RBYQS,
0917-EZOLA,
2749-CTKAJ,
5160-UXJED,
7244-QWYHG,
4226-KKDON,
7018-FPXHH,
9897-KXHCM,
1222-KJNZD,
2452-KDRRH,
6892-EZDTG,
6980-CDGFC,
5071-FBJFS,
4018-PPNDW,
9066-QRSDU,
0318-ZOPWS,
0419-YAAPX,
9786-IJYDL,
4195-PNGZS,
9372-TXXPS,
7734-DBOAI,
2858-MOFSQ,
8180-AKMJV,
2690-DVRVK,
1790-NESIO,
8083-YTZES,
0661-KBKPA,
4139-DETXS,
1395-WSWXR,
9546-KDTRB,
4291-HPAXL,
6198-ZFIOJ,
7472-EQOAV,
5997-OPVFA,
5236-XMZJY,
3873-NFTGI,
8695-WDYEA,
4342-HENTK,
8580-QVLOC,
3143-JQEGI,
4465-VDKIQ,
0824-VWDPO,
3162-KKZXO,
8445-DNBAE,
2111-DWYHN,
2662-NNTDK,
7502-BNYGS,
5372-FBKBN,
4597-NUCQV,
0020-JDNXP,
6599-GZWCM,
4342-HFXWS,
5035-PGZXH,
8216-AZUUZ,
5542-DHSXL,
8498-XXGWA,
6542-LWGXJ,
6248-TKCQV,
3068-OMWZA,
2430-RRYUW,
8292-TYSPY,
4589-IUAJB,
5693-PIPCS,
7446-KQISO,
0048-PIHNL,
6284-AHOOQ,
2805-EDJPQ,
9103-TCIHJ,
9402-ROUMJ,
5562-BETPV,
3167-SNQPL,
0810-DHDBD,
1776-SPBWV,
9537-JALFH,
0702-PGIBZ,
3055-VTCGS,
9548-LERKT,
6794-HKIAJ,
9531-NSBMR,
6368-NWMCE,
0643-OKLRP,
9948-YPTDG,
4879-GZLFH,
8098-TDCBU,
5122-CYFXA,
9889-TMAHG,
5357-TZHPP,
1474-JUWSM,
8399-YNDCH,
3847-BAERP,
9402-CXWPL,
5049-MUBWG,
4039-HEUNW,
5803-NQJZO,
4116-TZAQJ,
9094-AZPHK,
6121-TNHBO,
1564-HJUVY,
7407-SUJIZ,
5468-BPMMO,
9168-INPSZ,
8942-DBMHZ,
8705-WZCYL,
0322-YINQP,
7000-WCEVQ,
9739-JLPQJ,
2794-XIMMO,
9565-AXSMR,
2880-FPNAE,
3316-UWXUY,
9824-BEMCV,
3256-EZDBI,
1226-IENZN,
2823-LKABH,
6161-ERDGD,
2137-DQMEV,
2424-WVHPL,
9945-PSVIP,
2840-XANRC,
8008-HAWED,
0412-UCCNP,
6402-SSEJG,
8049-WJCLQ,
2830-LEWOA,
9780-FKVVF,
5014-GSOUQ,
0396-HUJBP,
8356-WUAOJ,
5442-BHQNG,
5655-JSMZM,
7065-YUNRY,
5161-XEUVX,
9068-FHQHD,
8017-LXHFA,
0786-IVLAW,
6100-QQHEB,
2642-DTVCO,
0147-ESWWR,
2335-GSODA,
9602-WCXPI,
0329-GTIAJ,
8241-JUIQO,
0581-MDMPW,
9314-IJWSQ,
8532-UEFWH,
7861-UVUFT,
8383-SGHJU,
8755-IWJHN,
0123-CRBRT,
2223-GDSHL,
8189-HBVRW,
8495-PRWFH,
6092-QZVPP,
5129-JLPIS,
1614-JBEBI,
0637-YLETY,
0135-NMXAP,
7892-POOKP,
8161-QYMTT,
3001-CBHLQ,
8945-GRKHX,
4625-EWPTF,
1343-EHPYB,
0375-HVGXO,
0330-BGYZE,
5989-PGKJB,
8752-GHJFU,
4851-BQDNX,
7240-FQLHE,
6175-IRFIT,
6538-POCHL,
3078-ZKNTS,
5777-KJIRB,
7923-IYJWY,
2810-FTLEM,
1265-HVPZB,
9796-BPKIW,
9178-JHUVJ,
4732-RRJZC,
7010-BRBUU,
9688-YGXVR,
9286-DOJGF,
6994-KERXL,
2181-UAESM,
4312-GVYNH,
2495-KZNFB,
4367-NHWMM,
8898-KASCD,
8016-NCFVO,
4578-PHJYZ,
2091-MJTFX,
2277-DJJDL,
2511-MORQY,
2731-GJRDG,
1784-EZDKJ,
2468-SJFLM,
5115-SQAAU,
8708-XPXHZ,
0601-WZHJF,
0463-TXOAK,
4683-WYDOU,
1166-PQLGG,
0963-ZBDRN,
4871-JTKJF,
7173-TETGO,
4193-ORFCL,
2692-PFYTJ,
2369-UAPKZ,
5193-QLVZB,
0379-DJQHR,
4657-FWVFY,
0623-EJQEG,
1699-TLDLZ,
4501-UYKBC,
8158-WPEZG,
9732-EQMWY,
1099-BTKWT,
4815-TUMEQ,
6407-UTSLV,
0018-NYROU,
4632-XJMEX,
1409-PHXTF,
8229-TNIQA,
0529-ONKER,
3675-YDUPJ,
4484-CGXFK,
4443-EMBNA,
4280-DLSHD,
9300-AGZNL,
2789-CZANW,
8464-EETCQ,
7216-EWTRS,
4468-KAZHE,
8623-ULFNQ,
9317-WZPGV,
8947-YRTDV,
1814-DKOLC,
8071-SBTRN,
4701-MLJPN,
1205-WNWPJ,
6158-HDPXZ,
6683-VLCTZ,
3727-OWVYD,
0856-NAOES,
0562-FGDCR,
0956-SYCWG,
2277-VWCNI,
3498-LZGQZ,
9135-MGVPY,
3815-SLMEF,
4513-CXYIX,
8944-AILEF,
1270-XKUCC,
6633-SYEUS,
8075-GXIUB,
6016-NXBNJ,
9332-GYWLO,
3276-HDUEG,
5884-FBCTL,
8999-YPYBV,
1522-VVDMG,
0848-SOMKO,
1657-DYMBM,
6923-EFPNL,
2167-FQSTQ,
9286-BHDQG,
7225-CBZPL,
5605-IYGFG,
6861-OKBCE,
7571-YXDAD,
0254-FNMCI,
8981-FJGLA,
8414-MYSHR,
9274-CNFMO,
3794-NFNCH,
5158-RIVOP,
1100-DDVRV,
9522-BNTHX,
3677-IYRBF,
7009-PCARS,
8250-ZNGGW,
0967-BMLBD,
7594-RQHXR,
8966-SNIZF,
7235-NXZCP,
0122-OAHPZ,
7815-PDTHL,
8331-ZXFOE,
8901-UPRHR,
3563-SVYLG,
3205-MXZRA,
5392-AKEMH,
8201-AAXCB,
6919-ELBGL,
0530-IJVDB,
5047-LHVLY,
8404-FYDIB,
3415-TAILE,
2819-GWENI,
6164-HXUGH,
6762-QVYJO,
5046-NUHWD,
0106-GHRQR,
8374-XGEJJ,
2546-KZAAT,
7569-NMZYQ,
3279-DYZQM,
0374-FIUCA,
3714-NTNFO,
8705-DWKTI,
4195-SMMNX,
2599-CIPQE,
5136-GFPMB,
6476-YHMGA,
3055-MJDSB,
7516-GMHUV,
5940-NFXKV,
3597-YASZG,
3786-WOVKF,
2806-MLNTI,
0799-DDIHE,
9926-PJHDQ,
0334-GDDSO,
2371-KFUOG,
4634-JLRJT,
5886-VLQVU,
3194-ORPIK,
6048-NJXHX,
7860-KSUGX,
2925-MXLSX,
2933-FILNV,
7758-XKCBS,
2027-DNKIV,
4751-ERMAN,
8224-KDLKN,
7929-SKFGK,
8329-IBCTI,
5016-IBERQ,
5405-ZMYXQ,
7841-TZDMQ,
9754-CLVZW,
9503-XJUME,
3298-QEICA,
9420-LOJKX,
3391-JSQEW,
4939-KYYPY,
2061-VVFST,
6480-YAGIY,
0330-IVZHA,
7161-DFHUF,
1260-TTRXI,
8577-QSOCG,
8963-JLGJT,
3266-FTKHB,
6122-LJADA,
8710-YGLWG,
6463-HHXJR,
9576-SYUHJ,
9289-LBQVU,
2207-QPJED,
6990-YNRIO,
0489-WMEMG,
2189-UXTKY,
7105-MXJLL,
7133-VBDCG,
9933-QRGTX,
6356-ELRKD,
2194-IIQOF,
8063-GBATB,
9611-CTWIH,
3571-DPYUH,
8519-QJGJD,
5846-NEQVZ,
6022-KOUQO,
7205-BAIAD,
9574-BOSMD,
4884-TVUQF,
6439-GTPCA,
3795-CAWEX,
7821-DPRQE,
4983-CLMLV,
2380-DAMQP,
7534-BFESC,
6695-FRVEC,
0361-HJRDX,
0354-VXMJC,
6559-ILWKJ,
9895-VFOXH,
8229-BUJHX,
4476-OSWTN,
2995-UPRYS,
9208-OLGAQ,
4124-MMETB,
8882-TLVRW,
2957-JIRMN,
3646-ITDGM,
2673-ZALNP,
9975-SKRNR,
3724-UCSHY,
0259-GBZSH,
7130-CTCUS,
8150-QUDFX,
8218-FFJDS,
8259-NFJTV,
7909-FIOIY,
3317-VLGQT,
2722-VOJQL,
0584-BJQGZ,
6732-VAILE,
1302-TPUBN,
8380-PEFPE,
7402-PWYJJ,
4250-FDVOU,
9128-CPXKI,
4183-WCSEP,
0404-SWRVG,
6227-HWPWX,
1899-VXWXM,
8450-JOVAH,
4550-VBOFE,
9546-CQJSU,
4789-KWMXN,
0835-DUUIQ,
1855-AGAWH,
9079-YEXQJ,
3577-AMVUX,
2316-ESMLS,
9426-SXNHE,
8550-XSXUQ,
0723-DRCLG,
2176-OSJUV,
0107-WESLM,
8626-XHBIE,
0188-GWFLE,
8166-ZZTFS,
5774-QPLTF,
0929-PECLO,
5696-QURRL,
8124-NZVGJ,
4130-MZLCC,
4489-SNOJF,
8984-HPEMB,
4615-PIVVU,
6848-HJTXY,
8757-TFHHJ,
4603-JANFB,
8565-HBFNN,
7422-WNBTY,
4712-UYOOI,
3372-CDXFJ,
5353-WILCI,
0988-AADSA,
8270-RKSAP,
5954-BDFSG,
5792-JALQC,
2202-OUTMO,
9028-LIHRP,
9150-KPBJQ,
4003-OCTMP,
8775-LHDJH,
6770-UAYGJ,
7596-IIWYC,
0887-WBJVH,
8840-DQLGN,
8413-VONUO,
9281-PKKZE,
5186-PEIZU,
6339-YPSAH,
2324-EFHVG,
1918-ZBFQJ,
6968-GMKPR,
3062-ICYZQ,
2233-FAGXV,
6017-PPLPX,
1982-FEBTD,
9705-IOVQQ,
6288-CHQJB,
3315-TOTBP,
6096-EGVTU,
2937-FTHUR,
4062-HBMOS,
2387-KDZQY,
4609-KNNWG,
0409-WTMPL,
3766-EJLFL,
4232-JGKIY,
0334-ZFJSR,
6582-OIVSP,
8661-BOYNW,
4257-GAESD,
8785-CJSHH,
5469-CTCWN,
2839-RFSQE,
4890-VMUAV,
3365-SAIGS,
0946-CLJTI,
3920-HIHMQ,
5307-UVGNB,
8780-RSYYU,
0742-NXBGR,
8067-NIOYM,
5916-QEWPT,
1029-QFBEN,
9251-WNSOD,
6576-FBXOJ,
2501-XWWTZ,
6080-LNESI,
7245-NIIWQ,
6567-HOOPW,
4550-EVXNY,
6437-UDQJM,
0297-RBCSG,
2097-YVPKN,
0853-NWIFK,
4853-OITSN,
6128-DAFVY,
1197-BVMVG,
7508-DQAKK,
9938-PRCVK,
0289-IVARM,
8260-NGFNY,
7074-IEVOJ,
6614-YWYSC,
8473-VUVJN,
6693-DJWTY,
3655-SNQYZ,
2845-KDHVX,
5027-YOCXN,
8884-MRNSU,
0567-XRHCU,
5868-CZJDR,
